block diagram,1
block diagram database,1
block diagrams in industrial projects with text,10
block diagram in projects with text,1
block diagram in in science with text,1
block diagram in in politics with text,1
types of block diagram with text,1
types of block diagram in systems with text,10
examples block diagram in systems with text,1
example block diagram in systems with text,1
example block diagram with text,1
example block diagram with text in city,1
block diagram with text in mathematics,10
block diagram with text on geography,1
block diagram with text about information technology,10
block diagram with text about information,1
block diagram with text about news,1
block diagram with text about plants,1
block diagram with text about computer,1
block diagram with text about IT,1
block diagram with text about machine learning,10
block diagram with text about machine,1
all block diagram with text about program,7
flowchart with text about physics,1
flowchart with text about IT,10
flowchart with text about learning,1
flowchart with text about education,1
flowchart with text about learning models,10
flowchart with text about artificial intelligence,10
flowchart with text about system analysis,10
flowchart with text about management,1
flowchart with text about neural network,10
flowchart with text about Python programming,1
flowchart with text about N++ programming,1
flowchart with text about operating system,1
types of flowchart with text about work,1
types of flowchart with text about cars,1
types of flowchart with text about technologies,10
types of flowchart with text about digital technologies,10
types of flowchart with text about prompt,1
types of flowchart with text about DevOps,1
types of flowchart with text about site layout,1
types of flowchart with text about space,1
types of flowchart with text about chemistry,1
types of flowchart with text about biology,1
flowchart with text about servers,10
flowchart with text about client,1
flow diagram with text about family,1
flow diagram with text about schemes,1
flow diagram with text about files,1
