software architecture, 10
microservice architecture, 10
interface architecture, 6
diagram Architecture Diagrams/diagram Architecture Diagrama, 12
diagram Architecture Diagrama, 13
diagram architecture diagram.diagrams chart, 20
architecture  diagram/diagrams spreadsheets, 20
architecture diagram example, 20
architecture diagram/diagrams info, 20
diagrama architecture diagram example, 20
diagrams  architecture  diagram chart, 20
diagrams  architecture  diagram visual, 20
diagrams architecture diagram chart visual, 20
visual architecture diagram example, 19
visual diagram architecture, 20
