UML diagram generator,1
UML diagram tool,1
UML diagram types,1
UML diagram examples,1
UML diagram symbols,1
UML diagram notation,1
UML diagram tutorial,1
UML diagram software,1
UML class diagram,1
UML activity diagram,1
UML sequence diagram,1
UML use case diagram,1
UML component diagram,1
UML deployment diagram,1
UML package diagram,1
UML object diagram,1
UML state diagram,1
UML collaboration diagram,1
UML communication diagram,1
UML timing diagram,1
UML interaction overview diagram,1
UML profile diagram,1
UML composite structure diagram,1
UML class diagram example,1
UML activity diagram example,1
UML sequence diagram example,1
UML use case diagram example,1
UML component diagram example,1
UML deployment diagram example,1
UML package diagram example,1
UML object diagram example,1
UML state diagram example,1
UML collaboration diagram example,1
UML communication diagram example,1
UML timing diagram example,1
UML interaction overview diagram example,1
UML profile diagram example,1
UML composite structure diagram example,1
UML diagram shapes,1
UML diagram templates,1
UML diagram generator online,1
UML diagram software free,1
UML diagram creator,1
UML diagram editor,1
UML diagram design,1
UML diagram best practices,1
UML diagram conventions,1
UML diagram standards,1
UML diagram components,1
UML diagram relationships,1
UML diagram aggregation,1
UML diagram composition,1
UML diagram inheritance,1
UML diagram association,1
UML diagram dependency,1
UML diagram generalization,1
UML diagram realization,1
UML diagram multiplicity,1
UML diagram visibility,1
UML diagram stereotypes,1
UML diagram constraints,1
UML diagram cardinality,1
UML diagram visibility modifiers,1
UML diagram visibility levels,1
UML diagram connector types,1
UML diagram arrowheads,1
UML diagram lifelines,1
UML diagram activation bar,1
UML diagram message types,1
UML diagram guard conditions,1
UML diagram decision nodes,1
UML diagram fork nodes,1
UML diagram join nodes,1
UML diagram swimlanes,1
UML diagram partitions,1
UML diagram collaboration roles,1
UML diagram stereotype examples,1
UML diagram constraint examples,1
UML diagram cardinality examples,1
UML diagram visibility modifier examples,1
UML diagram connector type examples,1
UML diagram arrowhead examples,1
UML diagram lifeline examples,1
UML diagram activation bar examples,1
UML diagram message type examples,1
UML diagram guard condition examples,1
UML diagram decision node examples,1
UML diagram fork node examples,1
UML diagram join node examples,1
UML diagram swimlane examples,1
UML diagram partition examples,1
UML diagram collaboration role examples,1
UML diagram best practices and guidelines,1
UML diagram creation process,1
UML diagram validation,1
UML diagram documentation,1
UML diagram version control,1
UML diagram collaboration tools,1
UML diagram collaboration features,1
UML diagram collaboration best practices,1
UML diagram collaboration guidelines,1
UML diagram collaboration process,1
UML diagram collaboration validation,1
UML diagram collaboration documentation,1
UML diagram collaboration version control,1
UML diagram generation process,1
UML diagram generation best practices,1
UML diagram generation guidelines,1
UML diagram generation validation,1
UML diagram generation documentation,1
UML diagram generation version control,1
UML diagram generation software,1
UML diagram generation tools,1
UML diagram generation techniques,1
UML diagram generation examples,1
UML diagram generation tips and tricks,1
UML diagram generation challenges,1
UML diagram generation limitations,1
UML diagram generation considerations,1
UML diagram generation requirements,1
UML diagram generation steps,1
UML diagram generation workflow,1
UML diagram generation automation,1
UML diagram generation efficiency,1
UML diagram generation accuracy,1
UML diagram generation performance,1
UML diagram generation scalability,1
UML diagram generation extensibility,1
UML diagram generation customization,1
UML diagram generation flexibility,1
UML diagram generation usability,1
UML diagram generation user interface,1
UML diagram generation user experience,1
UML diagram generation user feedback,1
UML diagram generation user requirements,1
UML diagram generation user collaboration,1
UML diagram generation user roles,1
UML diagram generation user permissions,1
UML diagram generation user security,1
UML diagram generation user privacy,1
UML diagram generation user preferences,1
UML diagram generation user settings,1
UML diagram generation user access control,1
UML diagram generation user interface design,1
UML diagram generation user experience design,1
UML diagram generation user feedback analysis,1
UML diagram generation user requirements gathering,1
UML diagram generation user collaboration techniques,1
UML diagram generation user roles and responsibilities,1
UML diagram generation user permissions management,1
UML diagram generation user security measures,1
UML diagram generation user privacy protection,1
UML diagram generation user preferences customization,1
UML diagram generation user settings configuration,1
UML diagram generation user access control implementation,1
UML diagram generation user interface design principles,1
UML diagram generation user experience design principles,1
UML diagram generation user feedback analysis techniques,1
UML diagram generation user requirements gathering methods,1
UML diagram generation user collaboration tools,1
UML diagram generation user roles and responsibilities definition,1
UML diagram generation user permissions management guidelines,1
UML diagram generation user security measures implementation,1
UML diagram generation user privacy protection policies,1
UML diagram generation user preferences customization options,1
UML diagram generation user settings configuration guidelines,1
UML diagram generation user access control implementation steps,1
UML diagram generation user interface design principles and methods,1
UML diagram generation user experience design principles and methods,1
UML diagram generation user feedback analysis techniques and tools,1
UML diagram generation user requirements gathering methods and tools,1
UML diagram generation user collaboration tools and techniques,1
UML diagram generation user roles and responsibilities definition guidelines,1
UML diagram generation user permissions management guidelines and practices,1
UML diagram generation user security measures implementation guidelines,1
UML diagram generation user privacy protection policies and practices,1
UML diagram generation user preferences customization options and best practices,1
UML diagram generation user settings configuration guidelines and best practices,1
UML diagram generation user access control implementation steps and best practices,1
UML diagram generation user interface design principles and methods for usability,1
UML diagram generation user experience design principles and methods for usability,1
UML diagram generation user feedback analysis techniques and tools for improvement,1
UML diagram generation user requirements gathering methods and tools for accuracy,1
UML diagram generation user collaboration tools and techniques for efficiency,1
UML diagram generation user roles and responsibilities definition guidelines and practices,1
UML diagram generation user permissions management guidelines and practices for security,1
UML diagram generation user security measures implementation guidelines and practices,1
UML diagram generation user privacy protection policies and practices for privacy,1
UML diagram generation user preferences customization options and best practices for customization,1
UML diagram generation user settings configuration guidelines and best practices for configuration,1
UML diagram generation user access control implementation steps and best practices for access control,1
UML diagram generation user interface design principles and methods for user interface design,1
UML diagram generation user experience design principles and methods for user experience design,1
UML diagram generation user feedback analysis techniques and tools for user feedback analysis,1
UML diagram generation user requirements gathering methods and tools for requirements gathering,1
UML diagram generation user collaboration tools and techniques for user collaboration,1
UML diagram generation user roles and responsibilities definition guidelines and practices for user roles,1
UML diagram generation user permissions management guidelines and practices for user permissions,1
UML diagram generation user security measures implementation guidelines and practices for user security,1
UML diagram generation user privacy protection policies and practices for user privacy,1
UML diagram generation user preferences customization options and best practices for user preferences,1
UML diagram generation user settings configuration guidelines and best practices for user settings,1
UML diagram generation user access control implementation steps and best practices for user access control,1
UML diagram generation user interface design principles and methods for user interface design principles,1
UML diagram generation user experience design principles and methods for user experience design principles,1
What are UML diagrams?,1
How are UML diagrams used in software development?,1
Can you explain the different types of UML diagrams?,1
What is the purpose of a UML class diagram?,1
How do you create a UML class diagram?,1
What are the main components of a UML class diagram?,1
Can you give examples of UML class diagrams?,1
What is the difference between a UML class diagram and an object diagram?,1
How do you represent relationships between classes in a UML class diagram?,1
What is the purpose of a UML use case diagram?,1
How do you create a UML use case diagram?,1
What are the main components of a UML use case diagram?,1
Can you give examples of UML use case diagrams?,1
What is the difference between a use case diagram and a sequence diagram in UML?,1
What is the purpose of a UML sequence diagram?,1
How do you create a UML sequence diagram?,1
What are the main components of a UML sequence diagram?,1
Can you give examples of UML sequence diagrams?,1
What is the purpose of a UML activity diagram?,1
How do you create a UML activity diagram?,1
What are the main components of a UML activity diagram?,1
Can you give examples of UML activity diagrams?,1
What is the difference between an activity diagram and a state machine diagram in UML?,1
What is the purpose of a UML state machine diagram?,1
How do you create a UML state machine diagram?,1
What are the main components of a UML state machine diagram?,1
Can you give examples of UML state machine diagrams?,1
What is the purpose of a UML component diagram?,1
How do you create a UML component diagram?,1
What are the main components of a UML component diagram?,1
Can you give examples of UML component diagrams?,1
What is the difference between a component diagram and a deployment diagram in UML?,1
What is the purpose of a UML deployment diagram?,1
How do you create a UML deployment diagram?,1
What are the main components of a UML deployment diagram?,1
Can you give examples of UML deployment diagrams?,1
What is the purpose of a UML package diagram?,1
How do you create a UML package diagram?,1
What are the main components of a UML package diagram?,1
Can you give examples of UML package diagrams?,1
What is the difference between a package diagram and a class diagram in UML?,1
What is the purpose of a UML object diagram?,1
How do you create a UML object diagram?,1
What are the main components of a UML object diagram?,1
Can you give examples of UML object diagrams?,1
What is the difference between an object diagram and a class diagram in UML?,1
What is the purpose of a UML communication diagram?,1
How do you create a UML communication diagram?,1
What are the main components of a UML communication diagram?,1
Can you give examples of UML communication diagrams?,1
